Top queries,Clicks,Impressions,CTR,Position
ideal indiska livs,48,89,53.93%,1.09
ideal indiska livs bandhagen,18,130,13.85%,1.55
india gate sona masoori rice,6,54,11.11%,6.33
indian costus,4,3594,0.11%,2.28
indisk affär stockholm,4,91,4.4%,11.57
qust al hindi,3,314,0.96%,4.06
indian grocery store near me,3,218,1.38%,8.66
indian costus powder,3,139,2.16%,8.83
indisk mataffär stockholm,3,100,3%,7.77
indisk matbutik stockholm,3,93,3.23%,14.04
sai gluten free atta,3,86,3.49%,8.33
indisk affär,3,83,3.61%,6.71
tang mango,3,77,3.9%,23.18
sarson ka tel,2,1313,0.15%,5.57
indian incense costus,2,435,0.46%,5.52
indian store near me,2,186,1.08%,8.95
aloo tikki frozen,2,176,1.14%,11.07
indian grocery store stockholm,2,160,1.25%,7.74
indisk butik stockholm,2,120,1.67%,8.59
jannat basmati rice,2,71,2.82%,3.83
mdh butter chicken,2,69,2.9%,1.62
india gate poha,2,51,3.92%,3.31
costus root svenska,2,47,4.26%,2.66
indiska kryddor stockholm,2,42,4.76%,4.55
mdh t plus masala tea recipe,2,39,5.13%,1.38
mer paron,2,39,5.13%,5.03
vatika black seed oil ingredients,2,36,5.56%,5.92
eco by life henna,2,36,5.56%,6.56
manpasand mukhwas,2,33,6.06%,2.64
indisk livsmedelsbutik,2,32,6.25%,9.34
dabur organic ghee,2,31,6.45%,10.97
indisk mataffär,2,30,6.67%,6.13
pakistani grocery store near me,2,30,6.67%,7.07
haldiram garlic naan family pack,2,29,6.9%,3.41
pakistani store near me,2,28,7.14%,7.61
indian shop stockholm,2,28,7.14%,9.68
bandhagen livs,2,27,7.41%,1.89
indisk butik,2,26,7.69%,10
d-va henna,2,25,8%,3.56
ecobylife,2,25,8%,6.2
indian grocery online gothenburg,2,25,8%,7.48
indian groceries,2,12,16.67%,7.83
edible gum,2,12,16.67%,11.83
crown seekh kebab,2,7,28.57%,7.29
red label tea,2,6,33.33%,7
lindi pepper,1,672,0.15%,1.63
mahmood rice,1,552,0.18%,2.18
mdh sabji masala,1,378,0.26%,1.85
indian costus root,1,307,0.33%,5.5
mdh butter chicken masala,1,256,0.39%,12.61
qust al hindi powder,1,243,0.41%,4.99
costus root powder,1,154,0.65%,8.51
what is sarson ka tel,1,139,0.72%,2.67
tang orange powder,1,119,0.84%,10.26
india gate idli rava,1,85,1.18%,8.51
mahmood rice basmati,1,77,1.3%,2.7
dried plums for biryani,1,69,1.45%,2.13
ultimate basmati rice,1,66,1.52%,3.59
neha rachni mehandi,1,64,1.56%,9.38
mdh hyderabadi biryani masala,1,62,1.61%,7.4
haldiram mini samosa how many pieces,1,61,1.64%,1.34
sona masoori rice,1,58,1.72%,9.07
aaaaa rice,1,54,1.85%,1.69
ispaghol,1,51,1.96%,5.92
national haleem mix,1,50,2%,6.66
indian grocery gothenburg,1,49,2.04%,8.69
neha rachni mehandi for hair,1,48,2.08%,2.46
haldiram peanut gajak,1,44,2.27%,7.2
frozen aloo tikki,1,44,2.27%,10.41
pesi goor,1,43,2.33%,1.56
mer dryck,1,43,2.33%,9.88
indian grocery,1,42,2.38%,9
ocean pearl rice,1,38,2.63%,7.84
zingo zero,1,37,2.7%,7.7
haldiram chana jor garam 1kg price,1,36,2.78%,2.25
indian groceries near me,1,36,2.78%,7.69
trs gram flour,1,36,2.78%,11.08
sai atta gluten free,1,35,2.86%,5.97
electric tandoor,1,34,2.94%,12.24
mild curry paste,1,34,2.94%,41.03
haldiram railway cutlet,1,32,3.12%,2.59
indian grocery near me,1,31,3.23%,8.16
hemani black seed oil,1,29,3.45%,10.72
indian grocery online sweden,1,28,3.57%,9.54
chicken masala ingredients mdh,1,27,3.7%,1
costus indien,1,26,3.85%,6.69
rachni mehandi,1,25,4%,1.2
shan lahori fish masala,1,25,4%,9.24
indian stores near me,1,23,4.35%,7.39
mango juice pakistani,1,22,4.55%,7.23
vatika enriched coconut hair oil,1,20,5%,7.6
lgm hing,1,19,5.26%,1.11
haldiram batata vada,1,19,5.26%,6.26
sai multigrain gluten free atta,1,19,5.26%,7.58
pakistani shop near me,1,19,5.26%,8.63
zingo,1,19,5.26%,18.89
chawal ka atta,1,18,5.56%,2.89
qust al hindi powder benefits,1,18,5.56%,2.94
vatika black seed enriched hair oil,1,18,5.56%,8
costus pulver,1,17,5.88%,3.82
frozen laccha paratha,1,17,5.88%,4.59
kalonjee,1,17,5.88%,8.71
mdh butter chicken masala recipe,1,16,6.25%,3.31
pan parag small pack price,1,16,6.25%,8.81
khanum ghee 1kg,1,15,6.67%,16.67
dabur cow ghee,1,14,7.14%,17.79
al baker flour,1,13,7.69%,7.69
groceries,1,13,7.69%,11.46
black henna cone,1,13,7.69%,16.38
pataks curry paste,1,13,7.69%,53
paneer in sweden,1,12,8.33%,3.08
lg hing ingredients,1,12,8.33%,3.25
aromatic chinigura rice,1,11,9.09%,1
haldirams naan,1,10,10%,12.6
kustul hindi powder benefits,1,9,11.11%,1
railway cutlet haldiram,1,9,11.11%,5
indisk restaurang,1,9,11.11%,16.67
indiska stores,1,8,12.5%,5.75
laziza plum chutney,1,8,12.5%,12
urad dal,1,7,14.29%,2.86
costus,1,7,14.29%,6.71
bournvita chocolate flavour,1,7,14.29%,7.71
neha henna cone,1,7,14.29%,8.71
shan mango pickle 1kg,1,6,16.67%,2.67
alwaid,1,6,16.67%,25.5
bombay rava 1 kg price,1,5,20%,2.2
rooh afza original,1,5,20%,4.4
indian grocery stores near me,1,5,20%,8.2
india gate basmati rice premium 5kg,1,5,20%,10.2
wagh bakri cardamom tea bags,1,5,20%,10.8
organic rooh afza,1,4,25%,1
biryani masala,1,4,25%,1.5
india gate sella basmati rice 5kg,1,4,25%,2.75
kryddbutik stockholm,1,4,25%,3.75
indisk kostus,1,4,25%,4.25
kissan jam,1,4,25%,8.5
char magaz,1,4,25%,9
indiskt godis,1,4,25%,20.5
frozen paratha,1,3,33.33%,1
falak rice price,1,3,33.33%,2.33
sella basmati rice india gate,1,3,33.33%,7.67
wagh bakri tea cardamom,1,3,33.33%,8.33
dry coconut,1,2,50%,1
national red chilli sauce,1,2,50%,1
vatika naturals hair oil,1,2,50%,1.5
vanilla essence,1,2,50%,2
cooking oil in sweden,1,2,50%,5
henna cone,1,2,50%,6
kewra water near me,1,2,50%,8.5
nurjahan basmati rice,1,2,50%,9
1121 basmati rice 5 kg,1,2,50%,10.5
haldiram soan papdi,1,2,50%,10.5
dabur ghee 1kg price,1,2,50%,11
dabur vatika enriched coconut hair oil,1,2,50%,11.5
ashirwad chakki atta,1,1,100%,1
bay leaves near me,1,1,100%,1
cadbury bourn vita,1,1,100%,1
frozen chapati,1,1,100%,1
frozen indian food,1,1,100%,1
kashmiri chilli,1,1,100%,1
mini tandoor oven for home,1,1,100%,1
tandoor oven for home,1,1,100%,1
tandoori paste near me,1,1,100%,1
telcum powder,1,1,100%,1
masala chai near me,1,1,100%,2
qust al hindi pulver,1,1,100%,2
biryani masala spices,1,1,100%,4
india. shop near me,1,1,100%,4
asafoetida,1,1,100%,6
american buldak,1,1,100%,7
dosa batter price,1,1,100%,7
rice buy,1,1,100%,9
tang juice powder,1,1,100%,9
pan parag online,1,1,100%,10
hamdard products,1,1,100%,11
saunf sugar coated,1,1,100%,11
sim,1,1,100%,23
mtr gulab jamun mix 1kg price,1,1,100%,52
indian food delivery,0,1656,0%,10.85
ideal,0,380,0%,11.16
mdh pav bhaji masala,0,329,0%,2.65
idhayam nallennai,0,294,0%,2.8
nariyal burada,0,293,0%,1.03
indiska,0,290,0%,2.23
sarso ka tel,0,278,0%,3.46
vatika black seed hair oil,0,205,0%,12.02
kadi patta,0,204,0%,7.44
butter chicken price india 2025,0,184,0%,16.17
metromilan,0,183,0%,8.85
vatika black seed oil,0,182,0%,9.32
mdh biryani masala,0,179,0%,5.42
vatika coconut oil,0,171,0%,58.23
parachute tel,0,170,0%,1.29
shezan mango juice,0,157,0%,43.97
indian costus root where to buy,0,156,0%,8.54
punjabi gur,0,148,0%,1.36
fruiti,0,144,0%,12.85
pakistansk mango,0,143,0%,2.61
pataks korma paste,0,137,0%,62.97
deggi mirch chilli powder,0,136,0%,30.36
guard rice,0,132,0%,18.35
zingo drink,0,128,0%,8.36
priya mango ginger pickle,0,127,0%,5.37
indiska stockholm,0,127,0%,5.43
bombay rava,0,125,0%,4.42
vatika hair oil,0,124,0%,10.4
alibaba livs,0,118,0%,10.7
saragvo,0,117,0%,2.43
malik foods,0,114,0%,7.2
jannat rice,0,113,0%,5.76
lachha paratha frozen,0,112,0%,6.56
rooh afza,0,112,0%,52.1
vatika coconut hair oil,0,106,0%,62.68
zero sugar drinks with no taste compromise,0,105,0%,15.54
nallennai,0,104,0%,4.35
butter chicken masala mdh,0,102,0%,23.65
khanum ghee,0,100,0%,6.51
india gate jeerakasala rice,0,100,0%,8.39
parachute nariyal tel,0,99,0%,3.34
costus indian powder,0,99,0%,7.12
bharat livs,0,95,0%,10.22
indian store stockholm,0,91,0%,7.55
kaalar,0,90,0%,3.6
bournvita,0,88,0%,47.38
nocco limon,0,87,0%,42.23
mdh pav bhaji masala ingredients,0,86,0%,3.01
cocktail samosa haldiram,0,85,0%,6.79
vatika black seed oil benefits,0,84,0%,2.07
patak's korma paste,0,82,0%,13.83
sprite zero healthiest zero calorie soft drink options,0,80,0%,11.15
chinigura rice in india,0,79,0%,2.94
aloo bukhara for biryani,0,79,0%,3.24
chapati flour 25kg,0,79,0%,11.91
idhayam sesame oil,0,79,0%,60.38
indian costus in english,0,78,0%,1
rajma raseela,0,77,0%,3.09
deggi mirch,0,77,0%,30.01
neha mehndi for hair,0,76,0%,1.05
jaggery in punjabi,0,76,0%,5.49
pakistani mango,0,76,0%,7.2
pillsbury atta 10kg,0,76,0%,49.49
haldiram samosa frozen,0,75,0%,10.97
indian store,0,75,0%,14.37
haldiram cocktail samosa,0,74,0%,11.7
indian supermarket gothenburg,0,74,0%,12
what is indian costus,0,73,0%,2.18
costus root in arabic,0,73,0%,5.23
dabur ghee,0,73,0%,19.89
tapal danedar tea bags,0,73,0%,21.15
frozen lachha paratha,0,72,0%,6.74
basmati tukda rice 10kg price,0,72,0%,11.42
neha herbal mehandi,0,71,0%,1.07
taaza paneer,0,71,0%,2.82
soya chunks price pakistan 2026,0,71,0%,11.49
indian costus incense,0,69,0%,4.25
fresh amla,0,69,0%,6.06
powerking energy drink,0,69,0%,8.81
haldiram chana jor garam,0,68,0%,6.57
guard ultimate basmati rice,0,68,0%,7.82
fortune kachi ghani,0,68,0%,21.43
zingo apelsin,0,67,0%,7.49
fortune unpolished chana dal,0,67,0%,38.63
deggi mirch powder,0,67,0%,38.72
gullok,0,66,0%,3.83
bikano soan papdi,0,66,0%,8.06
mtr rasam powder,0,65,0%,9.17
roasted sooji means,0,64,0%,1.16
ultimate rice,0,64,0%,2.44
bournvita drink,0,64,0%,2.84
haldiram rasgulla 1kg price,0,64,0%,30.19
basmasti,0,64,0%,62.28
parle platina hide and seek,0,62,0%,2.47
sarson tel,0,62,0%,3.23
anmol sweets,0,62,0%,11.39
pan parag,0,62,0%,23.4
indian incense (costus),0,61,0%,8.39
shan biryani masala,0,61,0%,9.1
mdh pani puri masala,0,61,0%,42.44
elephant atta 25kg,0,61,0%,45.2
svart henna,0,60,0%,34.27
fine suji,0,59,0%,1
tapal danedar tea,0,59,0%,3.93
qust al hindi benefits,0,59,0%,5.17
chana jor garam haldiram,0,59,0%,5.86
patanjali ghee 500g price,0,59,0%,15.85
fine rava means,0,58,0%,1.19
roasted semolina,0,58,0%,3.53
tindoora,0,58,0%,11.53
bournvita ingredients,0,57,0%,3.49
dried plum for biryani,0,57,0%,3.98
costus indian,0,57,0%,5.37
indian costus hindi name,0,57,0%,7.63
pakistan mango,0,57,0%,8.72
rooh afza flavour,0,56,0%,1.64
vatika black seed hair oil benefits,0,56,0%,2.32
shezan drink,0,56,0%,12
elephant atta wholemeal 25kg,0,56,0%,25.96
danedar chai,0,55,0%,2.38
apelsin drink,0,55,0%,7.95
bharat livs järfälla,0,55,0%,9.36
monster energy mango loco,0,55,0%,39.91
mdh meat masala,0,55,0%,47.75
indiska retur,0,54,0%,4.2
arandi ka tel,0,54,0%,5.35
pav bhaji masala mdh,0,53,0%,1.6
jalebi namak,0,53,0%,4.57
guard basmati rice,0,53,0%,11.23
johnson's baby powder clean classic scent,0,53,0%,20.83
ambar incense sticks,0,53,0%,70.58
trs ingredients,0,53,0%,88.25
paneer in swedish,0,51,0%,1.59
al baker atta,0,51,0%,5.12
elephant atta medium 25kg,0,51,0%,49.84
henna svart,0,51,0%,50.75
henna hårfärg svart,0,50,0%,37.7
mahmoud rice,0,49,0%,1.24
mahmood basmati rice,0,49,0%,4.92
national masala,0,49,0%,7.39
svart henna hårfärg,0,49,0%,38.31
indian costus in hindi,0,48,0%,4.73
skalade,0,48,0%,4.85
jannat gold rice price,0,48,0%,7.69
qust powder,0,47,0%,3.55
indian supermarket,0,47,0%,12.64
haldiram samosa,0,47,0%,23.21
pan parag 100g price in india,0,46,0%,8.37
power king energy drink,0,46,0%,8.93
fortune wheat flour,0,46,0%,9.65
fortune atta 10kg price,0,46,0%,14.85
#tapaldanedar latest,0,46,0%,17.57
slanty,0,46,0%,27.63
haldiram chakoli,0,45,0%,4.27
indisk livsmedelsbutik stockholm,0,45,0%,4.42
indiska livsmedel,0,45,0%,10.13
ktc castor oil,0,45,0%,12.18
indiska matvaror,0,45,0%,14.13
idhayam gingelly oil,0,45,0%,35.42
sabji masala mdh,0,44,0%,3.43
national chana masala,0,44,0%,10.14
what is deggi mirch,0,44,0%,38.5
malik's foods,0,43,0%,8.44
monster mango,0,43,0%,39.35
mdh kitchen king masala,0,43,0%,57.91
dariya dal,0,42,0%,3.38
mtr rasam powder ingredients,0,42,0%,3.98
pan parag ingredients,0,42,0%,4.95
ahmed kheer mix,0,42,0%,5.6
dark stain mehndi cone,0,42,0%,12.07
jethimadh,0,41,0%,3.24
pan parag price,0,41,0%,3.66
loka naturell,0,41,0%,5.66
mtr khaman dhokla 500g,0,41,0%,6.9
rooh afza syrup,0,41,0%,9.46
indian grocery stockholm,0,41,0%,10.63
shan foods meatballs,0,41,0%,14.1
black seed oil vatika,0,41,0%,27.98
chicken curry masala mdh,0,41,0%,78.9
kaju dhoda burfi,0,40,0%,2.35
solrosolja,0,40,0%,2.52
t plus masala,0,40,0%,4.3
shan haleem mix with lentils,0,40,0%,5.05
pakistani tea bags,0,40,0%,6.45
tang mango powder,0,40,0%,11.97
rice guard,0,39,0%,4.92
natural care tea 1kg,0,39,0%,8.26
power livs,0,39,0%,9.26
pillsbury chakki atta 10kg,0,39,0%,15.85
danedar,0,38,0%,2.45
gur in punjabi,0,38,0%,2.76
livs stockholm,0,38,0%,8.21
indian shop near me,0,38,0%,9.16
bharat livs södertälje,0,38,0%,10.55
bournvita chocolate,0,38,0%,15.68
mtr gulab jamun,0,38,0%,18.47
khanum butter ghee,0,38,0%,25.95
heera panna powder,0,37,0%,1
chinigura aromatic rice,0,37,0%,3.16
india gate jeerakasala rice 5kg,0,37,0%,8.27
पैराशूट नारियल तेल 500ml price,0,37,0%,10.05
fortune poha,0,37,0%,26.32
curry leaves,0,37,0%,33.86
coarse rava,0,36,0%,1
malik food,0,36,0%,6.08
haldiram frozen samosa,0,36,0%,9.28
chinigura rice,0,36,0%,10.08
kaalar basmati rice,0,36,0%,10.11
broken basmati rice 10kg,0,36,0%,10.14
jannat gold rice,0,36,0%,10.25
monster mango loco,0,36,0%,43.5
kaju dhoda barfi,0,35,0%,1
mdh butter,0,35,0%,2.11
national sindhi biryani masala,0,35,0%,3.09
dried fenugreek leaves,0,35,0%,3.37
indian costus root powder,0,35,0%,6.37
shan sawaiyan,0,35,0%,6.63
glycemic index of india gate brown basmati rice,0,35,0%,7.74
heera spices,0,35,0%,7.86
indian stores in stockholm,0,35,0%,9.31
national biryani masala,0,35,0%,52.6
haldiram aloo paratha price,0,34,0%,1.06
kadi patta packet,0,34,0%,2.44
loka drink,0,34,0%,3.65
indisk costus,0,34,0%,4.76
vatika oven,0,34,0%,9.97
power king,0,34,0%,21.94
india gate classic,0,34,0%,27.03
india gate classic basmati rice,0,34,0%,52.35
maggi tamarind sauce,0,34,0%,59.26
hyderabadi biryani powder,0,33,0%,2.36
red peanuts 1kg,0,33,0%,3.03
sarson ka oil,0,33,0%,3.45
indian costus in hindi name,0,33,0%,5.73
gingelly oil tamil,0,33,0%,7.79
elephant atta,0,33,0%,11.91
kuttu flour,0,33,0%,14.03
soya chunks price pakistan,0,33,0%,20.48
fortune kachi ghani tel,0,32,0%,1
nallennai oil,0,32,0%,1.94
indian costus in arabic,0,32,0%,3.44
qust,0,32,0%,4.5
heera masala,0,32,0%,5.72
indian qust,0,32,0%,5.81
mughal paratha,0,32,0%,6.66
upma rava 1 kg,0,32,0%,7.12
shahi livs,0,32,0%,7.91
pan parag price 1kg,0,32,0%,9.16
pan parag price in pakistan,0,32,0%,10.06
tilda broken basmati rice,0,32,0%,10.56
almond tail,0,32,0%,12.22
mtr dosa mix,0,32,0%,15.81
mughal plain paratha,0,31,0%,3.35
national nihari masala,0,31,0%,3.52
grated copra,0,31,0%,5.29
neha rachni mehandi henna powder,0,31,0%,5.77
garima basmati rice,0,31,0%,7.52
sai atta,0,31,0%,9.48
indian store gothenburg,0,31,0%,11.39
red henna for skin,0,31,0%,13.13
himalaya basmati rice,0,31,0%,13.97
vatika hair oil black seed,0,31,0%,15.06
classic basmati rice,0,31,0%,30.26
grom flour,0,30,0%,2.9
dry plum for biryani,0,30,0%,4.33
mango juice pakistan,0,30,0%,12.1
costus powder,0,30,0%,13.3
jeerakasala rice,0,30,0%,24.23
shezan juice,0,30,0%,33.37
patak's korma,0,30,0%,50.27
pataks tikka masala paste,0,30,0%,54.1
pataks tikka marinade,0,30,0%,91.77
indiska butiker,0,29,0%,1.07
fine rava,0,29,0%,1.28
curry patta packet,0,29,0%,2.14
gul lok,0,29,0%,3.79
garimaa,0,29,0%,4.17
poha thin,0,29,0%,6.07
pakistan mango juice,0,29,0%,9.34
metro agarbatti,0,29,0%,9.38
chapati flour,0,29,0%,10
idhayam nallennai 1 litre price,0,29,0%,11.1
vatika black seed,0,29,0%,18.76
deggi mirch is for color or spice,0,28,0%,1
indian coctus,0,28,0%,1.25
dabur amla hair oil for dandruff,0,28,0%,1.54
al baker wheat flour,0,28,0%,3.39
haldiram tandoori garlic naan,0,28,0%,3.71
parle platina,0,28,0%,5.5
haldiram mini samosa frozen,0,28,0%,5.57
indian supermarket stockholm,0,28,0%,6.57
pan parag price in india,0,28,0%,7.29
costus root in hindi,0,28,0%,9.71
ktc coconut oil,0,28,0%,38.57
thin poha,0,28,0%,54.68
roasted suji means,0,27,0%,1.59
alsi,0,27,0%,1.96
how to use vatika coconut hair oil,0,27,0%,3.52
haldiram frozen samosa cooking instructions,0,27,0%,5.7
kaalar rice,0,27,0%,8.7
indian supermarket near me,0,27,0%,10.26
vatika coconut hair oil benefits,0,27,0%,10.3
mtr khaman dhokla mix,0,27,0%,10.67
haldiram samosa frozen price,0,27,0%,11.52
1 kg idli rava how many idlis,0,27,0%,11.81
national brand spices,0,27,0%,24.33
maggi 8 pack price,0,27,0%,33.81
khanum pure butter ghee,0,27,0%,58.56
nariyal ka burada,0,26,0%,1
tyj spring roll pastry sizes,0,26,0%,1.96
mdh meat curry masala,0,26,0%,2.08
tapal chai,0,26,0%,2.62
roasted sooji,0,26,0%,2.73
vandevi yellow powder,0,26,0%,3.85
national chicken biryani masala,0,26,0%,3.88
jannat rice price,0,26,0%,5.65
roti maker oven,0,26,0%,5.96
amla fresh,0,26,0%,7.65
tang mango flavour,0,26,0%,9.54
national masala of india,0,26,0%,11.31
mdh kashmiri mirch,0,26,0%,13.38
red henna cone,0,26,0%,14.54
curry patta,0,26,0%,24
gram chickpea flour,0,26,0%,56.54
idhayam nalla ennai,0,25,0%,1.52
indiska butiker stockholm,0,25,0%,3.6
burger tikki frozen,0,25,0%,4
mango ginger pickle priya,0,25,0%,5.04
mer päron,0,25,0%,5.72
zingo sweden,0,25,0%,6.44
tandoor forno,0,25,0%,7.6
mdh chana masala ingredients,0,25,0%,7.8
al baker chakki fresh atta,0,25,0%,8.48
jeerakasala rice 5kg,0,25,0%,10.16
pakistani mango juice,0,25,0%,14
phulka roti,0,25,0%,29.04
chakki fresh atta,0,25,0%,33.72
idli batter online,0,25,0%,57.8
deepak maida,0,24,0%,2.92
cassia spice in hindi,0,24,0%,4.33
khanum,0,24,0%,4.92
india gate kaima rice,0,24,0%,5.33
aqu,0,24,0%,6.79
mahmood rice 5kg price,0,24,0%,7.38
pakistani black tea,0,24,0%,8.92
red henna cones,0,24,0%,13.79
indiska varor,0,24,0%,15.12
butter chicken price in india 2025,0,24,0%,16.71
costus root,0,24,0%,26
tang orange,0,24,0%,27.46
cocktail samosa,0,24,0%,39.79
gold basmati rice,0,24,0%,42.88
mdh spices,0,24,0%,57.04
rachni mehandi powder,0,23,0%,1
what is lindi pepper,0,23,0%,3.48
swedish grahamsmjöl substitute,0,23,0%,6.04
red henna paste,0,23,0%,6.13
haldiram naan,0,23,0%,7.39
danedar tea bags,0,23,0%,11.78
fortune unpolished masoor dal,0,23,0%,15.91
khanum herbs,0,23,0%,16.43
india gate basmati rice,0,23,0%,20.04
haldiram phulka roti,0,23,0%,39.3
pataks mango pickles,0,23,0%,79.43
fortune rai tel,0,22,0%,1
aloo patty frozen,0,22,0%,1.45
jaumn,0,22,0%,1.45
jasmine ris,0,22,0%,2.05
oven for roti,0,22,0%,3
original rooh afza,0,22,0%,3.64
nature life mehandi powder,0,22,0%,3.86
is dabur amla oil good for dandruff,0,22,0%,3.91
jalabi namak,0,22,0%,3.91
elephant atta 10kg,0,22,0%,7.41
haldiram samosa price,0,22,0%,7.59
tapal danedar,0,22,0%,9.59
dabur anti dandruff hair oil,0,22,0%,10.41
rooh afza meaning,0,22,0%,12.27
shezan mango,0,22,0%,15.5
mango tang powder,0,22,0%,16.95
india gate brown rice 5kg,0,22,0%,17.36
haldiram punjabi samosa,0,22,0%,29.09
fortune products,0,22,0%,55.59
besan 1 kg price in pakistan,0,21,0%,1
mdh curry masala for butter chicken,0,21,0%,1.62
unroasted rava,0,21,0%,2.19
haldiram chilli potato,0,21,0%,2.24
indian custus,0,21,0%,2.86
bournvita ingredients list,0,21,0%,3.48
jasminris,0,21,0%,3.48
valnotter,0,21,0%,3.62
indian costus root coffee,0,21,0%,4.52
frozen phulka roti,0,21,0%,5.29
is vatika coconut oil good for hair,0,21,0%,5.29
gur punjabi,0,21,0%,8
mahmood rice review,0,21,0%,10.19
mdh chai masala,0,21,0%,15.05
kurkure,0,21,0%,19.24
grocery delivery stockholm,0,21,0%,20.19
punjabi samosa frozen,0,21,0%,20.43
tata tea premium,0,21,0%,29.1
korma paste,0,21,0%,61.81
magaz seeds in telugu,0,20,0%,2.45
mahmoud basmati rice,0,20,0%,2.5
tandoori garlic naan haldiram,0,20,0%,2.65
patak's korma paste ingredients,0,20,0%,3.1
heera garam masala,0,20,0%,3.65
trs coconut milk,0,20,0%,4.05
how to use vatika hair oil,0,20,0%,4.7
punjabi jaggery,0,20,0%,4.8
haldiram punjabi samosa 20 pieces,0,20,0%,6
indian qust root,0,20,0%,7.05
elina rava,0,20,0%,10.55
indian shop,0,20,0%,11.8
heera kali latest,0,20,0%,16
haldiram aloo tikki,0,20,0%,18.8
red chilli,0,20,0%,19.2
amoy soy sauce,0,20,0%,25.65
rai sarson buy,0,20,0%,35.4
patak korma,0,20,0%,48.4
mtr gulab jamun mix,0,20,0%,52
buy drumstick online,0,20,0%,52.2
hamdard brand,0,20,0%,68.75
gingelly oil in tamil,0,19,0%,1
coconut ka burada,0,19,0%,2.53
pan parag mouth freshener,0,19,0%,4.63
punjabi desi gur,0,19,0%,4.79
haldiram veg shami kebab,0,19,0%,4.84
bombaywala,0,19,0%,6.95
elephant atta 25kg offers,0,19,0%,9.21
lahori fish masala shan,0,19,0%,9.32
amla for dandruff,0,19,0%,11.11
tapal danedar chai,0,19,0%,11.42
preema,0,19,0%,13.37
shan foods soup mixes,0,19,0%,14.32
bajra flour,0,19,0%,14.79
trs tandoori masala,0,19,0%,20.05
vatika oil black seed,0,19,0%,22.84
rooh afza sharbat,0,19,0%,30.47
sendha namak,0,19,0%,30.53
maggi,0,19,0%,38.89
haldiram gajjak,0,18,0%,1
indian coatus,0,18,0%,1
bombita drink,0,18,0%,1.06
mdh nihari masala,0,18,0%,1.28
fortune atta ingredients,0,18,0%,1.61
"""hide & seek fab"" cream biscuit",0,18,0%,2.56
plum for biryani,0,18,0%,2.89
lindi peper,0,18,0%,3
national kasuri methi,0,18,0%,3.22
javentri,0,18,0%,3.56
india gate exotic basmati rice review,0,18,0%,3.72
haldiram mooli paratha,0,18,0%,3.89
fresh kadi patta,0,18,0%,5
namkeen,0,18,0%,5.5
250 tel,0,18,0%,5.83
vatika black seed hair oil ingredients,0,18,0%,6.22
indisk matbutik,0,18,0%,6.44
costus hindi powder,0,18,0%,6.5
ocean pearl basmati rice,0,18,0%,7
supreme pan masala,0,18,0%,7.44
indian costos,0,18,0%,8.28
mtr dosa,0,18,0%,9.56
trs chilli powder,0,18,0%,10.56
anjappar sona masoori rice,0,18,0%,11.22
frozen cutlets,0,18,0%,14.78
fanta exotic zero,0,18,0%,16.06
sarson ka tel in english,0,18,0%,28.28
bajri flour,0,18,0%,29.5
mtr foods,0,18,0%,31.83
mdh products,0,18,0%,42.06
rooh afza ingredients,0,18,0%,43.67
pataks mild curry paste,0,18,0%,46.89
premium pantry flour india,0,18,0%,50.06
india gate basmati classic,0,18,0%,67.5
chana jor garam in english,0,18,0%,86.89
fine sooji means,0,17,0%,1
india gate brown rice benefits,0,17,0%,1
kaju dhoda,0,17,0%,1
perasut tel,0,17,0%,1.65
fortune multigrain atta ingredients,0,17,0%,2
is vatika black seed oil good for hair growth,0,17,0%,2.71
phool malik,0,17,0%,2.82
best gluten free atta for roti,0,17,0%,3.24
railway patties price,0,17,0%,4.47
shahi kala,0,17,0%,4.88
ragi flour gluten free,0,17,0%,5.65
al baker chakki fresh atta 10kg,0,17,0%,5.82
al baker chakki atta,0,17,0%,6.29
patak's korma curry paste,0,17,0%,6.29
national green chilli sauce,0,17,0%,6.53
nariyal tel parachute,0,17,0%,6.94
xxl basmati rice 5kg,0,17,0%,8.35
loka water,0,17,0%,8.41
costus hindi,0,17,0%,8.53
spicy livs,0,17,0%,9.53
vatika black hair oil,0,17,0%,9.53
haldiram lachha paratha,0,17,0%,10.53
gajak haldiram,0,17,0%,10.59
vatika coconut hair oil ingredients,0,17,0%,12.65
black henna for body art,0,17,0%,13.24
monster energy,0,17,0%,14.53
soya nuggets price,0,17,0%,20.12
kasuri methi,0,17,0%,24.12
pillsbury atta flour,0,17,0%,25.82
india gate jeera rice,0,17,0%,28.18
mdh biryani masala ingredients,0,16,0%,1
parachute nariyal,0,16,0%,1.12
pav bhaji masala ingredients mdh,0,16,0%,1.12
haldiram aloo tikki price,0,16,0%,2.31
baingen,0,16,0%,2.56
methi dana,0,16,0%,2.62
indian custos,0,16,0%,4.31
aloo tikki burger frozen,0,16,0%,4.44
heera saffron,0,16,0%,4.69
hira masala,0,16,0%,5.25
qust al-hindi,0,16,0%,5.56
mdh.to,0,16,0%,6.19
hindi costus,0,16,0%,6.44
hindi powder,0,16,0%,6.44
jabsons cocktail nuts,0,16,0%,7.56
natco,0,16,0%,8.88
indiska bay leaves,0,16,0%,9
ktc almond oil,0,16,0%,10.19
powerking vegan,0,16,0%,13.69
"ideal supermarket, karachi, sindh, pakistan",0,16,0%,14.75
indian grocery store,0,16,0%,15.12
dark stain henna paste,0,16,0%,16.06
ktc mustard oil,0,16,0%,18
india gate brown basmati rice,0,16,0%,18.88
chocolate agarbatti,0,16,0%,24.19
mdh chana masala,0,16,0%,28.19
patak korma paste,0,16,0%,32.94
hamdard rooh afza,0,16,0%,40.5
mdh kitchen king,0,16,0%,60.25
pigeon pea lentils,0,16,0%,69
al baker gold atta,0,16,0%,74.62
kitchen king masala mdh,0,16,0%,76.62
kasuri methi in english,0,16,0%,91.75
mtr dhokla mix ingredients,0,15,0%,1
lindi paper,0,15,0%,1.07
dhokla ready mix,0,15,0%,1.27
tang orange ingredients,0,15,0%,2.67
mdh mix veg masala,0,15,0%,3.33
laziza products,0,15,0%,4
jethimadh in english,0,15,0%,5.4
garlic naan frozen,0,15,0%,6
grahamsmjöl substitute,0,15,0%,6.47
vandevi,0,15,0%,6.87
neha henna,0,15,0%,7
what is rooh afza,0,15,0%,7.4
mtr rasam powder 1kg price,0,15,0%,7.67
jeerakasala rice in telugu,0,15,0%,8.07
current price india gate classic basmati 1kg india,0,15,0%,8.2
shan seviyan,0,15,0%,8.53
nocco san citro,0,15,0%,9
trs green cardamom 200g,0,15,0%,9.27
hyderabadi biryani masala,0,15,0%,10.07
indian food store,0,15,0%,10.67
zingo getränk,0,15,0%,11.2
indiska affärer stockholm,0,15,0%,11.33
indian grocery store gothenburg,0,15,0%,13.47
haldiram,0,15,0%,22.73
alsi seeds,0,15,0%,25
is ragi flour gluten free,0,15,0%,29
fortune atta,0,15,0%,31.67
vatika hair oil coconut,0,15,0%,32.67
dabur amla hair oil,0,15,0%,36.2
mango tang,0,15,0%,39.27
bombay rava in english,0,15,0%,41.53
fortune chakki fresh atta,0,15,0%,42.27
pillsbury chakki atta,0,15,0%,45.2
mdhspices,0,15,0%,48.13
mdh curry masala for chicken,0,15,0%,60.2
tandoor roti machine,0,15,0%,60.2
butter ghee khanum,0,15,0%,64.67
khanum butter,0,15,0%,68.13
pisa hua nariyal,0,14,0%,1
upma rava brands,0,14,0%,1
dried plums in biryani,0,14,0%,1.07
ragi flour,0,14,0%,1.21
dabur amla hair oil good for dandruff,0,14,0%,1.57
sarson ka teel,0,14,0%,1.57
idhayam nallannai,0,14,0%,1.64
haldiram cocktail samosa instructions,0,14,0%,1.71
heera powder,0,14,0%,1.79
pan parag pan masala,0,14,0%,2
punjabi wadi,0,14,0%,2.07
haldiram samosa 1kg price,0,14,0%,2.43
curry leaves in swedish,0,14,0%,2.57
is vatika black seed oil good for hair,0,14,0%,2.79
pani puri masala mdh,0,14,0%,3.36
deggi mirch for colour,0,14,0%,3.43
dabur kalonji oil,0,14,0%,3.64
mdh vegetable masala,0,14,0%,4.21
allishan vermicelli,0,14,0%,4.5
desi sai,0,14,0%,4.57
mahmood rice 4.5 kg,0,14,0%,4.57
frozen aloo tikki for burger,0,14,0%,5.43
haldiram phulka roti review,0,14,0%,6.71
curry leaves in sweden,0,14,0%,7.21
guard ultimate basmati rice 20kg,0,14,0%,7.64
qust hindi powder,0,14,0%,8.14
guard rice price,0,14,0%,8.57
retur indiska,0,14,0%,9.93
costus in hindi,0,14,0%,10.21
dabur vatika black seed hair oil,0,14,0%,10.93
current price of soya chunks in pakistan,0,14,0%,11.64
national garlic pickle,0,14,0%,11.93
khanum ghee 2kg,0,14,0%,15.71
haldiram garlic naan,0,14,0%,19.71
maggi convenient meal solutions,0,14,0%,21.14
frozen aloo paratha,0,14,0%,26.79
panch puren,0,14,0%,32.57
national spices,0,14,0%,38.36
fortune sarso oil,0,14,0%,41.43
chapati atta,0,14,0%,48.21
kitchen king mdh,0,14,0%,67.5
edible gum types,0,13,0%,1
mdh ビリヤニ マサラ 使い方,0,13,0%,1
patties price in railway station,0,13,0%,1
samosa haldiram price,0,13,0%,1
upma rava in germany,0,13,0%,1
what is sarso ka tel,0,13,0%,1
danedar black tea,0,13,0%,1.08
indian costus in malay,0,13,0%,1.31
pakistans mango,0,13,0%,1.54
coarse rava means,0,13,0%,1.85
desi gur,0,13,0%,1.85
lentil poppadoms,0,13,0%,2.08
national delhi nihari,0,13,0%,2.23
mustard oil in swedish,0,13,0%,2.46
baker atta,0,13,0%,2.85
qust al hindi plant,0,13,0%,2.85
digi mirch,0,13,0%,3
deshi brand,0,13,0%,4.08
shan lahori fish 100g,0,13,0%,4.08
dried plum in biryani,0,13,0%,4.15
vatika naturals soap,0,13,0%,5.46
frozen naan,0,13,0%,5.62
mdh tea masala price,0,13,0%,5.69
pearl millet flour,0,13,0%,5.77
haldiram cocktail samosa ingredients,0,13,0%,5.92
butter chicken masala powder,0,13,0%,6.08
degi red chilli powder,0,13,0%,6.23
rooh afza flavours,0,13,0%,6.23
rice price in sweden,0,13,0%,7.23
tyj spring roll pastry 50 sheets,0,13,0%,7.23
ig rice,0,13,0%,7.46
amla oil for dandruff,0,13,0%,7.69
guard ultimate basmati rice 5kg,0,13,0%,8.38
patak's korma paste instructions,0,13,0%,8.69
kesar mango juiciness,0,13,0%,8.77
rooh afza flavor,0,13,0%,9
bharat livs photos,0,13,0%,9.85
idhayam nallennai in english,0,13,0%,10
bigen beard colour,0,13,0%,10.23
costus in urdu,0,13,0%,10.38
tilda basmati rice 10kg,0,13,0%,10.38
mtr khaman dhokla ready mix,0,13,0%,11
best idli rava,0,13,0%,12.23
idhayam nallennai price,0,13,0%,12.69
haldirams frozen samosa,0,13,0%,13.54
chawal ka atta in english,0,13,0%,15.69
meat curry masala,0,13,0%,18.46
regal cake rusk,0,13,0%,21.69
pillsbury chakki atta flour,0,13,0%,26.46
indian costus benefits,0,13,0%,27.08
elephant atta medium chapatti flour 10kg,0,13,0%,29
black seed vatika,0,13,0%,30.85
fine sooji,0,13,0%,38.85
parachute oil,0,13,0%,45.62
gram flour,0,13,0%,49.08
pataks korma,0,13,0%,51.54
fruitix,0,13,0%,64.54
broken basmati,0,12,0%,1
haldiram punjabi samosa ingredients,0,12,0%,1
hyderabadi dum biryani masala,0,12,0%,1
indian costus uses,0,12,0%,1
jeerakasala rice english name,0,12,0%,1
mango drink pakistan,0,12,0%,1
neha herbal mehandi hair colour,0,12,0%,1
parle g premium,0,12,0%,1
rice pudding mix,0,12,0%,1
mahamood rice,0,12,0%,1.08
parasut tel,0,12,0%,1.08
pheni noodle,0,12,0%,1.58
chamomile incense sticks,0,12,0%,1.92
vatika neem soap,0,12,0%,2.33
mooli paratha price,0,12,0%,2.5
jannat rice 30kg price,0,12,0%,3
jasmin ris,0,12,0%,3.92
tapal loose tea,0,12,0%,4.5
garima rice,0,12,0%,5.08
desi sek,0,12,0%,5.25
khanum pure ghee,0,12,0%,5.58
size of mini cocktail samosas,0,12,0%,6.25
hamdard rooh afza ingredients,0,12,0%,6.5
mtr rasam powder 200g,0,12,0%,6.67
vatika coconut oil benefits,0,12,0%,6.92
indian shops near me,0,12,0%,7.08
upma rava kg price,0,12,0%,7.25
hyderabad biryani masala,0,12,0%,7.33
red label natural care 1 kg,0,12,0%,7.83
black seed hair oil vatika,0,12,0%,8.17
neha mehndi,0,12,0%,8.25
dabur vatika enriched black seed hair oil,0,12,0%,8.58
vatika black seed hair oil review,0,12,0%,8.75
khanum butter ghee 1kg,0,12,0%,9
haldiram gajak,0,12,0%,9.42
tapal danedar loose tea,0,12,0%,9.5
ultimate guard rice,0,12,0%,9.92
india gate sona masoori rice 5kg,0,12,0%,10
zingo soda,0,12,0%,10.92
tilda basmati rice 10kg price,0,12,0%,11
black seed oil hemani,0,12,0%,11.08
stain cone,0,12,0%,11.42
dabur amla anti dandruff hair oil,0,12,0%,14
samosa haldiram,0,12,0%,14.42
hamdard,0,12,0%,15.17
herbal henna tube black,0,12,0%,16
heera baking,0,12,0%,17.08
al baker chakki atta 10kg,0,12,0%,18.17
mdh tea masala,0,12,0%,22.08
aged basmati rice,0,12,0%,33.42
johnson & johnson produkter,0,12,0%,47.08
nestle,0,12,0%,62
best quality suji,0,12,0%,62.58
elephant atta 20kg,0,12,0%,96.25
costus in arabic,0,11,0%,1
is rooh afza veg,0,11,0%,1
neha black mehndi ingredients,0,11,0%,1
peanut gajjak,0,11,0%,1.09
suji fine,0,11,0%,1.09
indiska butiker i stockholm,0,11,0%,1.27
lahori masala,0,11,0%,1.45
bhagar seeds,0,11,0%,2
shezan mango drink,0,11,0%,2.27
bikano besan barfi,0,11,0%,2.64
kikarter,0,11,0%,3.45
fab vanilla biscuit,0,11,0%,3.73
india gate basmati rice glycemic index,0,11,0%,3.91
national tikka boti masala,0,11,0%,3.91
tang orange 750g,0,11,0%,4.09
curry leaves packet,0,11,0%,6.18
amoy soya sauce,0,11,0%,6.45
dabur vatika naturals soap bar,0,11,0%,6.73
pan parag pakistan,0,11,0%,6.73
mdh chicken biryani masala,0,11,0%,7
india gate brown basmati rice 5kg,0,11,0%,7.64
indian costus how to use,0,11,0%,8.27
1 kg idli rava how many pieces,0,11,0%,8.55
glycemic index of india gate basmati rice,0,11,0%,9.36
india gate sella basmati rice,0,11,0%,9.36
electric tandoor roti maker,0,11,0%,9.45
livs near me,0,11,0%,9.45
fruiti-o,0,11,0%,9.73
vita bönor,0,11,0%,9.73
vatika soap bar,0,11,0%,10.18
mahana price,0,11,0%,10.36
पैराशूट नारियल तेल 500ml,0,11,0%,10.45
flute incense sticks,0,11,0%,10.82
indian market near me,0,11,0%,11.09
biryani stockholm,0,11,0%,11.82
soya chunks price pakistan in pakistan,0,11,0%,15.36
shan roasted vermicelli,0,11,0%,15.45
dried coconut halves,0,11,0%,16.36
vatika hibiscus hair oil,0,11,0%,17.09
henna by neha latest,0,11,0%,18.45
buy ready to heat naan online,0,11,0%,19.09
india long grain rice,0,11,0%,21.18
fortune masoor dal,0,11,0%,21.91
idhayam oil,0,11,0%,23.73
roasted rava,0,11,0%,26.09
rooh afza rose syrup,0,11,0%,29.64
aquador,0,11,0%,35.09
johar joshanda,0,11,0%,38.45
deggi mirch in english,0,11,0%,48.18
slanty crisps,0,11,0%,52.36
small onion,0,11,0%,62.36
chunks vegetarian,0,11,0%,73.91
buy frozen roti,0,11,0%,80.09
henna online,0,11,0%,94.82
aloo bukhara in biryani,0,10,0%,1
fresh brinjal,0,10,0%,1
indian costus powder benefits,0,10,0%,1
lindi pepper uses,0,10,0%,1
mogra broken basmati rice,0,10,0%,1
sugarless coca cola,0,10,0%,1
types of edible gum,0,10,0%,1
aloo tikki haldiram,0,10,0%,1.7
8 pack maggi weight,0,10,0%,2.2
fruiti drink,0,10,0%,2.2
moti suji for upma,0,10,0%,2.2
does mdh chana masala contain onion and garlic,0,10,0%,2.5
alibaba haldi powder,0,10,0%,2.9
vitlök,0,10,0%,2.9
idhayam sesame oil uses,0,10,0%,3.2
patanjali butter 1kg price,0,10,0%,3.6
ground powder in hindi,0,10,0%,4.1
indian qust powder,0,10,0%,4.1
pan parag meaning,0,10,0%,4.9
shezan products,0,10,0%,4.9
bueno vita,0,10,0%,5
aloo tikki patty frozen,0,10,0%,5.1
nariyal tel bottle,0,10,0%,5.1
sooji roasted,0,10,0%,5.3
mer apelsin,0,10,0%,5.4
bombay wala frozen food,0,10,0%,5.6
haldiram punjabi samosa frozen,0,10,0%,5.6
flute agarbatti,0,10,0%,5.7
dabur amla hair oil benefits,0,10,0%,5.8
costus indian incense,0,10,0%,5.9
parachute coconut oil freezing point,0,10,0%,6.4
gurd rice,0,10,0%,6.6
bangladeshi supermarket near me,0,10,0%,6.7
malik masala,0,10,0%,6.7
haldiram cutlet,0,10,0%,7.9
haldiram aloo tikki frozen,0,10,0%,8.1
elaichi 200g price,0,10,0%,8.9
elephant atta medium chapatti flour,0,10,0%,9.4
tata tea,0,10,0%,9.7